algorithm,input_size,search_key,result,index,comparisons_operations,preprocessing_time_seconds,preprocessing_time_ms,search_time_seconds,search_time_ms,total_time_seconds,total_time_ms
Linear Search,1000,192511311,FOUND,46,47,0.000000000,0.000000,0.000001991,0.001991,0.000001991,0.001991
Linear Search,1000,192511312,NOT FOUND,-1,1000,0.000000000,0.000000,0.000048001,0.048001,0.000048001,0.048001
Linear Search,10000,192511311,FOUND,8848,8849,0.000000000,0.000000,0.000461671,0.461671,0.000461671,0.461671
Linear Search,10000,192511312,NOT FOUND,-1,10000,0.000000000,0.000000,0.000575705,0.575705,0.000575705,0.575705
Linear Search,100000,192511311,FOUND,41116,41117,0.000000000,0.000000,0.002419260,2.419260,0.002419260,2.419260
Linear Search,100000,192511312,NOT FOUND,-1,100000,0.000000000,0.000000,0.005480760,5.480760,0.005480760,5.480760
Linear Search,1000000,192511311,FOUND,256093,256094,0.000000000,0.000000,0.016125600,16.125600,0.016125600,16.125600
Linear Search,1000000,192511312,NOT FOUND,-1,1000000,0.000000000,0.000000,0.054806460,54.806460,0.054806460,54.806460
Recursive Binary Search,1000,192511311,FOUND,756,7,0.000062003,0.062003,0.000001251,0.001251,0.000063254,0.063254
Recursive Binary Search,1000,192511312,NOT FOUND,-1,10,0.000062003,0.062003,0.000001812,0.001812,0.000063815,0.063815
Recursive Binary Search,10000,192511311,FOUND,7595,14,0.001230590,1.230590,0.000002217,0.002217,0.001232807,1.232807
Recursive Binary Search,10000,192511312,NOT FOUND,-1,14,0.001230590,1.230590,0.000002364,0.002364,0.001232954,1.232954
Recursive Binary Search,100000,192511311,FOUND,75598,17,0.015616200,15.616200,0.000002745,0.002745,0.015618945,15.618945
Recursive Binary Search,100000,192511312,NOT FOUND,-1,17,0.015616200,15.616200,0.000003161,0.003161,0.015619361,15.619361
Recursive Binary Search,1000000,192511311,FOUND,755937,18,0.260474800,260.474800,0.000004598,0.004598,0.260479398,260.479398
Recursive Binary Search,1000000,192511312,NOT FOUND,-1,20,0.260474800,260.474800,0.000004769,0.004769,0.260479569,260.479569
Hash Table Search,1000,192511311,FOUND,46,2,0.000211468,0.211468,0.000000179,0.000179,0.000211647,0.211647
Hash Table Search,1000,192511312,NOT FOUND,192511312,2,0.000211468,0.211468,0.000000178,0.000178,0.000211646,0.211646
Hash Table Search,10000,192511311,FOUND,8848,2,0.002727620,2.727620,0.000000174,0.000174,0.002727794,2.727794
Hash Table Search,10000,192511312,NOT FOUND,192511312,2,0.002727620,2.727620,0.000000173,0.000173,0.002727793,2.727793
Hash Table Search,100000,192511311,FOUND,41116,2,0.036714800,36.714800,0.000000225,0.000225,0.036715025,36.715025
Hash Table Search,100000,192511312,NOT FOUND,192511312,1,0.036714800,36.714800,0.000000276,0.000276,0.036715076,36.715076
Hash Table Search,1000000,192511311,FOUND,256093,2,0.485560100,485.560100,0.000000379,0.000379,0.485560479,485.560479
Hash Table Search,1000000,192511312,NOT FOUND,192511312,2,0.485560100,485.560100,0.000000349,0.000349,0.485560449,485.560449
